投苗日期,组织单元,品种,饲养组合,投苗数量
2025-07-01,安远,xsx3,公,11137
2025-07-01,常州,cmt1,母,15900
2025-07-01,常州,gw5,混,1680
2025-07-01,常州,hsx2,母,9960
2025-07-01,常州,hsx2,公,9960
2025-07-01,常州,my3,母,5015
2025-07-01,常州,my3,公,5015
2025-07-01,常州,uhsh4,母,18480
2025-07-01,常州,uhsh4,公,18480
2025-07-01,常州,ymt2,母,6760
2025-07-01,常州,ymt2,公,6760
2025-07-01,重庆,uhsh4,公,15840
2025-07-01,重庆,yh2A,公,9720
2025-07-01,阜阳,ay2,公,10465
2025-07-01,阜阳,csx5,公,16020
2025-07-01,阜阳,ehy5,公,9200
2025-07-01,阜阳,msx2,公,8775
2025-07-01,阜阳,my3,公,12490
2025-07-01,合肥,ehshZ4,公,10080
2025-07-01,河源,ay2,母,16840
2025-07-01,河源,msx2+,母,12000
2025-07-01,惠州,ay2,母,16678
2025-07-01,惠州,hsx2,母,12938
2025-07-01,惠州,uhsh2,母,12700
2025-07-01,嘉兴,csx4,母,9920
2025-07-01,昆明,mjq5A,母,5620
2025-07-01,昆明,mjq5A,公,9511
2025-07-01,昆明,yh3A,母,10745
2025-07-01,洛阳,csx5,公,9520
2025-07-01,洛阳,hl4,母,9500
2025-07-01,洛阳,hl4,公,9520
2025-07-01,洛阳,hm3A,公,9615
2025-07-01,南雄,ay2,母,8950
2025-07-01,南雄,csx5,母,10240
2025-07-01,南雄,ehshZ4,母,16000
2025-07-01,南雄,uhmt2A,公,13535
2025-07-01,南雄,yh2A,母,10380
2025-07-01,平顶山,mjh5,公,8852
2025-07-01,平顶山,mjqZ5,公,8745
2025-07-01,韶关,ehshZ4,母,6950
2025-07-01,韶关,yh2A,母,11000
2025-07-01,泰安,csx5,公,14060
2025-07-01,台州,ay2,公,8945
2025-07-01,台州,csx5,公,2960
2025-07-01,台州,hl4,母,4990
2025-07-01,台州,hsx2,公,7250
2025-07-01,台州,my3,母,8205
2025-07-01,台州,uhmt2,公,8250
2025-07-01,台州,uhy5B,公,10520
2025-07-01,潍坊,csx5,公,23824
2025-07-01,潍坊,ehshZ4,公,6970
2025-07-01,潍坊,gw5,混,8160
2025-07-01,潍坊,yh3A,公,11160
2025-07-01,湘潭,yh2A,母,9625
2025-07-01,徐州,csx5,公,10065
2025-07-01,徐州,my3,公,9225
2025-07-02,安顺,ay2,母,14632
2025-07-02,安远,csx4,母,7700
2025-07-02,安远,csx5,母,15955
2025-07-02,安远,gw5,混,10180
2025-07-02,安远,uhmt2A,公,16760
2025-07-02,常州,csx5,母,12305
2025-07-02,常州,csx5,公,12305
2025-07-02,常州,gw5,混,9360
2025-07-02,常州,msx2,母,4520
2025-07-02,常州,msx2,公,4520
2025-07-02,常州,uhmt2,母,2600
2025-07-02,常州,uhmt2,公,2600
2025-07-02,常州,uhsh4,母,8480
2025-07-02,常州,uhsh4,公,8480
2025-07-02,重庆,uhsh4,公,8185
2025-07-02,阜阳,gmt2,公,7404
2025-07-02,阜阳,gmt2A,公,9325
2025-07-02,阜阳,gw5,混,11040
2025-07-02,阜阳,hm3A,公,13500
2025-07-02,阜阳,msx2,公,10828
2025-07-02,阜阳,my3,公,9700
2025-07-02,河源,ay2,母,11962
2025-07-02,河源,hm3A,母,9930
2025-07-02,惠州,ehsh4,母,16795
2025-07-02,惠州,gw5,混,13400
2025-07-02,惠州,uhy5B,母,17858
2025-07-02,洛阳,ehshZ4,公,11050
2025-07-02,洛阳,hl4,公,13118
2025-07-02,南雄,csx5,母,13480
2025-07-02,南雄,uhmt2A,公,15720
2025-07-02,南阳,ehmt3A,公,11050
2025-07-02,韶关,ay3,母,7230
2025-07-02,韶关,csx5,母,9386
2025-07-02,韶关,gmt2,母,14952
2025-07-02,泰安,csx5,公,20870
2025-07-02,泰安,gmt2,公,9790
2025-07-02,台州,csx5,公,13650
2025-07-02,台州,gw5,混,12980
2025-07-02,台州,hsx2,公,8700
2025-07-02,台州,yh3A,公,10735
2025-07-02,潍坊,ay2,公,11775
2025-07-02,潍坊,ehy4,公,11005
2025-07-02,潍坊,mjqZ5,公,10134
2025-07-02,潍坊,uhsh4,公,27704
2025-07-02,湘潭,gmt2,母,16098
2025-07-02,徐州,csx5,公,12510
2025-07-02,扬州,csx5,公,9956
2025-07-02,自贡,cmt1,母,12470
2025-07-03,安庆,csx5,母,12800
2025-07-03,安远,ay2,母,14464
2025-07-03,安远,ehshZ4,母,15452
2025-07-03,安远,gmt2A,母,15347
2025-07-03,安远,hm5A,母,9333
2025-07-03,安远,hsx2,公,9838
2025-07-03,安远,uhmt2A,母,13420
2025-07-03,安远,uhmt2A,公,13860
2025-07-03,安远,uhsh4,母,11045
2025-07-03,常州,ay2,母,11085
2025-07-03,常州,ay2,公,11085
2025-07-03,常州,cmt1,母,7780
2025-07-03,常州,csx5,母,13500
2025-07-03,常州,csx5,公,13500
2025-07-03,常州,gw5,混,510
2025-07-03,常州,mjqZ5,母,13190
2025-07-03,常州,mjqZ5,公,13190
2025-07-03,常州,msx2,母,4355
2025-07-03,常州,msx2,公,4355
2025-07-03,常州,uhmt2,母,4200
2025-07-03,常州,uhmt2,公,4200
2025-07-03,常州,uhsh4,母,6680
2025-07-03,常州,uhsh4,公,6680
2025-07-03,常州,uhy5B,母,6750
2025-07-03,常州,uhy5B,公,6750
2025-07-03,阜阳,ay2,公,10115
2025-07-03,阜阳,csx5,公,15170
2025-07-03,阜阳,ehsh4,公,9720
2025-07-03,阜阳,gw5,混,9880
2025-07-03,阜阳,hl4,公,8430
2025-07-03,阜阳,my3,公,10000
2025-07-03,合肥,bx4A,混,28500
2025-07-03,河源,hm3A,母,9950
2025-07-03,惠州,csx5,母,11070
2025-07-03,惠州,gw5,混,5670
2025-07-03,惠州,hm3A,母,13500
2025-07-03,惠州,hsx2,母,9940
2025-07-03,惠州,yh2A,母,3295
2025-07-03,嘉兴,ehy5,母,11792
2025-07-03,昆明,hm3A,公,10010
2025-07-03,洛阳,ay2,公,13280
2025-07-03,洛阳,csx5,公,10210
2025-07-03,洛阳,ehshZ4,公,18525
2025-07-03,南雄,ay2,母,11040
2025-07-03,南雄,ehshZ4,母,11571
2025-07-03,南雄,ehshZ4,公,11412
2025-07-03,南雄,uhmt2A,母,8100
2025-07-03,南阳,csx4,公,11255
2025-07-03,南阳,uhmt2A,公,8100
2025-07-03,平顶山,ehsh4,公,7362
2025-07-03,平顶山,uhy5B,公,18170
2025-07-03,韶关,csx5,母,27398
2025-07-03,韶关,ehshZ4,母,6974
2025-07-03,韶关,uhy5B,母,7780
2025-07-03,台州,ay2,公,12988
2025-07-03,台州,ehmt2A,公,10620
2025-07-03,台州,my3,母,9960
2025-07-03,台州,uhmt2,母,5295
2025-07-03,台州,uhmt2,公,8270
2025-07-03,台州,uhmt2,公,5295
2025-07-03,台州,uhsh4,母,3095
2025-07-03,台州,uhsh4,公,5840
2025-07-03,台州,uhsh4,公,3095
2025-07-03,潍坊,csx5,公,28450
2025-07-03,梧州,uhmt2A,母,29430
2025-07-03,梧州,uhsh4,母,14506
2025-07-03,徐州,uhmt2,公,8450
2025-07-03,自贡,csx5,公,11279
2025-07-04,安庆,mjqZ5,母,9626
2025-07-04,常州,ay2,母,12800
2025-07-04,常州,csx5,母,13020
2025-07-04,常州,csx5,公,13020
2025-07-04,常州,ehmt2A,公,9540
2025-07-04,常州,hsx2,母,6630
2025-07-04,常州,hsx2,公,6630
2025-07-04,常州,mjh5,母,13400
2025-07-04,常州,mjqZ5,母,6170
2025-07-04,常州,mjqZ5,公,6170
2025-07-04,常州,msx2,母,5930
2025-07-04,常州,msx2,公,5930
2025-07-04,常州,my3,母,4890
2025-07-04,常州,my3,公,4890
2025-07-04,常州,uhmt2,母,4480
2025-07-04,常州,uhmt2,公,4480
2025-07-04,常州,uhsh4,母,8615
2025-07-04,常州,uhsh4,公,8615
2025-07-04,重庆,ehshZ4,公,12811
2025-07-04,重庆,yh2A,公,10237
2025-07-04,阜阳,ay2,公,15210
2025-07-04,河源,ehy5,母,21430
2025-07-04,河源,yh2A,母,10070
2025-07-04,惠州,csx5,母,19530
2025-07-04,惠州,hm3A,母,22500
2025-07-04,惠州,hm3A,公,3743
2025-07-04,惠州,hsx2,母,9942
2025-07-04,惠州,uhsh2,母,13450
2025-07-04,惠州,uhsh2,公,9768
2025-07-04,惠州,yh2A,母,10024
2025-07-04,昆明,mjq5A,母,9610
2025-07-04,昆明,mjq5A,公,9620
2025-07-04,昆明,mpw3A,母,4015
2025-07-04,昆明,mpw3A,公,8212
2025-07-04,昆明,yh3A,母,11100
2025-07-04,昆明,yh3A,公,10884
2025-07-04,洛阳,ay2,公,12990
2025-07-04,洛阳,ehy5,公,22080
2025-07-04,洛阳,gw5,混,11447
2025-07-04,南雄,msx2+,母,11530
2025-07-04,南雄,uhmt2A,母,13655
2025-07-04,平顶山,mjh5,公,11053
2025-07-04,平顶山,mjqZ5,公,13440
2025-07-04,韶关,ay2,母,995
2025-07-04,韶关,csx5,母,15840
2025-07-04,韶关,uhy5B,母,14294
2025-07-04,韶关,yh2A,母,16270
2025-07-04,泰安,csx5,公,9660
2025-07-04,泰安,msx2+,公,11260
2025-07-04,台州,ay2,母,7000
2025-07-04,台州,mjqZ5,母,3035
2025-07-04,台州,mjqZ5,公,3035
2025-07-04,台州,my3,母,8160
2025-07-04,潍坊,ay2,公,7962
2025-07-04,潍坊,csx5,公,13860
2025-07-04,潍坊,ehsh4,公,10739
2025-07-04,潍坊,my3,公,12855
2025-07-04,徐州,csx5,公,12870
2025-07-04,徐州,uhsh4,公,9579
2025-07-05,安庆,hl4,母,9958
2025-07-05,安远,uhmt2A,母,9090
2025-07-05,安远,uhmt2A,公,17860
2025-07-05,安远,uhmt3A,公,10430
2025-07-05,常州,ay2,公,8870
2025-07-05,常州,csx5,母,13630
2025-07-05,常州,csx5,公,13630
2025-07-05,常州,gw5,混,11110
2025-07-05,常州,msx2,母,6300
2025-07-05,常州,msx2,公,6300
2025-07-05,常州,uhmt2,母,5410
2025-07-05,常州,uhmt2,公,5410
2025-07-05,常州,uhsh4,母,5000
2025-07-05,常州,uhsh4,公,5000
2025-07-05,常州,yh3A,公,11074
2025-07-05,常州,ymt2,母,5190
2025-07-05,常州,ymt2,公,5190
2025-07-05,重庆,uhsh4,公,8080
2025-07-05,合肥,bx4A,混,28400
2025-07-05,合肥,csx5,公,20145
2025-07-05,合肥,hl4,公,9555
2025-07-05,河源,ay3,母,7255
2025-07-05,河源,hm3A,母,9870
2025-07-05,惠州,csx5,母,18630
2025-07-05,惠州,hm3A,母,37212
2025-07-05,惠州,hm3A,公,8460
2025-07-05,嘉兴,csx4,母,7700
2025-07-05,嘉兴,gw5,混,13280
2025-07-05,昆明,ay2,母,14621
2025-07-05,昆明,hm3A,公,9960
2025-07-05,柳州,csx5,母,10240
2025-07-05,柳州,ymt2,母,13390
2025-07-05,洛阳,csx4,公,9859
2025-07-05,洛阳,my3,公,9560
2025-07-05,洛阳,uhmt2,公,9440
2025-07-05,南雄,csx5,母,13620
2025-07-05,南雄,uhmt2A,母,13825
2025-07-05,南雄,uhmt2A,公,13600
2025-07-05,南阳,ehmt3A,公,11100
2025-07-05,南阳,hl4,公,9215
2025-07-05,南阳,uhmt2A,公,10255
2025-07-05,韶关,csx5,母,23309
2025-07-05,韶关,ehshZ4,母,13370
2025-07-05,韶关,gmt2,母,14635
2025-07-05,韶关,uhsh4,母,6862
2025-07-05,韶关,uhy5B,母,10550
2025-07-05,韶关,yh2A,母,9950
2025-07-05,泰安,csx5,公,9696
2025-07-05,泰安,uhsh4,公,13850
2025-07-05,台州,csx5,母,4560
2025-07-05,台州,csx5,母,5040
2025-07-05,台州,csx5,公,4930
2025-07-05,台州,csx5,公,4560
2025-07-05,台州,hl4,母,5045
2025-07-05,台州,hsx2,公,8580
2025-07-05,台州,my3,母,10000
2025-07-05,台州,uhsh4,母,4920
2025-07-05,台州,uhsh4,公,3945
2025-07-05,台州,uhsh4,公,4920
2025-07-05,潍坊,ay2,公,9084
2025-07-05,潍坊,csx5,公,9900
2025-07-05,潍坊,ehshZ4,公,22967
2025-07-05,湘潭,yh2A,母,12750
2025-07-05,自贡,csx5,公,11205
2025-07-06,安庆,bx2A,混,32140
2025-07-06,安庆,csx5,母,20562
2025-07-06,安庆,uhmt1A,母,9000
2025-07-06,安远,ay2,母,14310
2025-07-06,安远,csx5,母,15210
2025-07-06,安远,uhmt2A,母,9165
2025-07-06,安远,uhmt2A,公,8960
2025-07-06,安远,uhsh4,母,11692
2025-07-06,安远,uhy5B,公,17070
2025-07-06,常州,ay2,母,13210
2025-07-06,常州,ay2,公,13210
2025-07-06,常州,csx5,母,12400
2025-07-06,常州,csx5,公,12400
2025-07-06,常州,hm3A,公,9960
2025-07-06,常州,hsx2,母,5455
2025-07-06,常州,hsx2,公,5455
2025-07-06,常州,mjqZ5,母,11040
2025-07-06,常州,mjqZ5,公,11040
2025-07-06,常州,uhsh4,母,10490
2025-07-06,常州,uhsh4,公,10490
2025-07-06,重庆,ehshZ4,母,1020
2025-07-06,重庆,ehshZ4,公,20024
2025-07-06,重庆,uhsh4,公,9658
2025-07-06,阜阳,gmt2,公,13640
2025-07-06,阜阳,msx2,公,8540
2025-07-06,阜阳,my3,公,9940
2025-07-06,惠州,csx5,母,20283
2025-07-06,惠州,gw5,混,13070
2025-07-06,嘉兴,csx5,母,9880
2025-07-06,嘉兴,xsx3,公,10346
2025-07-06,洛阳,ehshZ4,公,11085
2025-07-06,洛阳,hm3A,公,10025
2025-07-06,洛阳,mshZ3,公,9400
2025-07-06,南雄,ehshZ4,母,10895
2025-07-06,南雄,hl4,母,8515
2025-07-06,南雄,hl4,公,8685
2025-07-06,南雄,uhsh4,母,9990
2025-07-06,南雄,ymt2,母,10400
2025-07-06,韶关,csx5,母,9254
2025-07-06,韶关,ehshZ4,母,6894
2025-07-06,韶关,uhsh4,母,22384
2025-07-06,韶关,uhy5B,母,7432
2025-07-06,韶关,yh2A,母,9950
2025-07-06,泰安,csx5,公,10155
2025-07-06,泰安,uhsh4,公,11423
2025-07-06,台州,ay2,公,11723
2025-07-06,台州,uhmt2,公,7985
2025-07-06,潍坊,csx5,公,22950
2025-07-06,潍坊,ehy4,公,8630
2025-07-06,潍坊,yh3A,公,9516
2025-07-06,梧州,uhsh4,母,14560
2025-07-06,湘潭,yh2A,母,10580
2025-07-06,徐州,csx5,公,9920
2025-07-06,徐州,uhmt2,公,7920
2025-07-07,安顺,ay2,母,14902
2025-07-07,安远,uhmt2A,公,8860
2025-07-07,常州,csx5,母,14670
2025-07-07,常州,csx5,公,14670
2025-07-07,常州,mjqZ5,母,2100
2025-07-07,常州,mjqZ5,公,2100
2025-07-07,常州,msx2,母,5455
2025-07-07,常州,msx2,公,5455
2025-07-07,常州,my3,母,4950
2025-07-07,常州,my3,公,4950
2025-07-07,常州,uhmt2,母,3020
2025-07-07,常州,uhmt2,公,3020
2025-07-07,常州,uhsh4,母,7100
2025-07-07,常州,uhsh4,公,7100
2025-07-07,常州,uhy5B,母,6700
2025-07-07,常州,uhy5B,公,6700
2025-07-07,重庆,ehshZ4,公,9874
2025-07-07,阜阳,ay2,公,10330
2025-07-07,阜阳,cmt1,公,15470
2025-07-07,阜阳,csx5,公,10540
2025-07-07,阜阳,ehsh4,公,10075
2025-07-07,阜阳,gmt2,公,14576
2025-07-07,阜阳,uhy5B,公,7172
2025-07-07,合肥,ehy5,公,15640
2025-07-07,河源,msx2+,母,10930
2025-07-07,惠州,hsx2,母,9760
2025-07-07,惠州,msx2+,母,10878
2025-07-07,惠州,uhmt2A,母,14967
2025-07-07,惠州,yh2A,母,10222
2025-07-07,嘉兴,csx4,母,10220
2025-07-07,昆明,ehshZ4,母,8755
2025-07-07,昆明,ehshZ4,公,1040
2025-07-07,昆明,hm3A,公,9935
2025-07-07,昆明,mjq5A,母,5679
2025-07-07,昆明,mjq5A,公,9517
2025-07-07,昆明,mpw3A,母,4479
2025-07-07,昆明,mpw3A,公,7990
2025-07-07,昆明,yh3A,母,10989
2025-07-07,昆明,yh3A,公,11094
2025-07-07,洛阳,csx5,公,21483
2025-07-07,洛阳,ehsh2A,公,6730
2025-07-07,洛阳,ehshZ4,公,9600
2025-07-07,洛阳,hl4,母,9935
2025-07-07,南雄,hl4,母,6200
2025-07-07,南雄,uhsh4,母,10880
2025-07-07,南雄,uhsh4,公,10960
2025-07-07,平顶山,mjh5,公,10890
2025-07-07,韶关,ay2,母,10560
2025-07-07,韶关,csx5,母,19200
2025-07-07,韶关,ehshZ4,母,11935
2025-07-07,韶关,yh2A,母,9820
2025-07-07,泰安,my3,公,8613
2025-07-07,台州,csx5,母,8960
2025-07-07,台州,csx5,母,7950
2025-07-07,台州,csx5,公,8960
2025-07-07,台州,hsx2,公,8673
2025-07-07,台州,my3,母,7470
2025-07-07,台州,uhsh4,母,2000
2025-07-07,潍坊,ay2,公,10094
2025-07-07,潍坊,csx5,公,19440
2025-07-07,潍坊,ehy5,公,9210
2025-07-07,潍坊,gw5,混,13330
2025-07-07,梧州,uhmt2A,母,25500
2025-07-07,梧州,yh2A,母,14286
2025-07-07,徐州,csx5,公,14640
2025-07-08,安庆,hl4,母,9958
2025-07-08,安远,ay2,母,14310
2025-07-08,安远,csx4,母,7745
2025-07-08,安远,gw5,混,13462
2025-07-08,安远,hsx2,公,9375
2025-07-08,常州,ay2,母,6750
2025-07-08,常州,ay2,公,6750
2025-07-08,常州,csx5,母,5800
2025-07-08,常州,csx5,母,7641
2025-07-08,常州,csx5,公,5800
2025-07-08,常州,ehy5,母,7104
2025-07-08,常州,mjh5,母,12560
2025-07-08,常州,mjqZ5,母,12900
2025-07-08,常州,mjqZ5,公,12900
2025-07-08,常州,msx2,母,7960
2025-07-08,常州,msx2,公,7960
2025-07-08,常州,uhmt2,母,8400
2025-07-08,常州,uhmt2,公,8400
2025-07-08,常州,uhsh4,母,19260
2025-07-08,常州,uhsh4,公,19260
2025-07-08,常州,yh3A,公,11250
2025-07-08,重庆,uhsh4,公,17510
2025-07-08,重庆,yh2A,公,10391
2025-07-08,阜阳,msx2,公,8840
2025-07-08,阜阳,my3,公,9570
2025-07-08,合肥,bx4A,混,28500
2025-07-08,河源,ehy5,母,11100
2025-07-08,惠州,csx5,母,34560
2025-07-08,惠州,ehshZ4,母,4480
2025-07-08,惠州,hsx2,母,13120
2025-07-08,惠州,uhy5B,母,8560
2025-07-08,嘉兴,csx5,母,10140
2025-07-08,柳州,csx5,母,10750
2025-07-08,洛阳,ehmt2A,公,10885
2025-07-08,洛阳,ehshZ4,公,8835
2025-07-08,洛阳,ehy5,公,11240
2025-07-08,洛阳,my3,公,8210
2025-07-08,南雄,csx5,母,13550
2025-07-08,南雄,uhmt2A,公,17300
2025-07-08,南阳,ehmt3A,公,11450
2025-07-08,南阳,uhmt2A,公,13790
2025-07-08,平顶山,mjh5,公,10523
2025-07-08,韶关,csx5,母,7105
2025-07-08,韶关,hm3A,母,20113
2025-07-08,韶关,uhsh2,公,9648
2025-07-08,韶关,uhy5B,母,14569
2025-07-08,韶关,yh2A,母,12140
2025-07-08,泰安,csx5,公,10530
2025-07-08,泰安,uhsh4,公,13818
2025-07-08,台州,ay2,公,13000
2025-07-08,台州,gw5,混,10700
2025-07-08,台州,hsx2,公,7520
2025-07-08,台州,uhmt2,公,8120
2025-07-08,潍坊,csx4,公,9900
2025-07-08,潍坊,csx5,公,9360
2025-07-08,潍坊,ehsh4,公,9940
2025-07-08,潍坊,hl4,公,21525
2025-07-08,梧州,uhsh4,母,23810
2025-07-08,湘潭,bx4A,混,37040
2025-07-08,徐州,csx5,公,13585
2025-07-08,徐州,uhmt2,公,8270
2025-07-08,自贡,cmt1,母,11295
2025-07-08,自贡,cmt1,公,11130
2025-07-08,自贡,gmt2,公,9817
2025-07-09,安远,gmt2A,母,15862
2025-07-09,安远,uhmt2A,母,22852
2025-07-09,安远,uhmt2A,公,9180
2025-07-09,常州,ay2,公,9350
2025-07-09,常州,csx5,母,13065
2025-07-09,常州,csx5,公,13065
2025-07-09,常州,hsx2,母,6025
2025-07-09,常州,hsx2,公,6025
2025-07-09,常州,msx2,母,4865
2025-07-09,常州,msx2,公,4865
2025-07-09,常州,uhmt2,母,4640
2025-07-09,常州,uhmt2,公,4640
2025-07-09,常州,uhsh4,母,11695
2025-07-09,常州,uhsh4,公,11695
2025-07-09,常州,ymt2,母,4950
2025-07-09,常州,ymt2,公,4950
2025-07-09,重庆,ehshZ4,公,9624
2025-07-09,重庆,uhsh4,公,9486
2025-07-09,阜阳,ay2,公,14960
2025-07-09,阜阳,csx5,公,10015
2025-07-09,阜阳,gw5,混,11180
2025-07-09,阜阳,hl4,公,8440
2025-07-09,阜阳,msx2,公,10080
2025-07-09,阜阳,uhy5B,公,13862
2025-07-09,河源,ay3,母,7247
2025-07-09,河源,ehshZ4,母,11297
2025-07-09,河源,uhy5B,母,11707
2025-07-09,惠州,ay3,母,1350
2025-07-09,惠州,ehshZ4,母,11272
2025-07-09,惠州,uhsh2,母,9663
2025-07-09,惠州,uhsh2,公,9887
2025-07-09,惠州,uhy5B,母,11660
2025-07-09,昆明,mjq5A,母,5512
2025-07-09,昆明,mjq5A,公,9581
2025-07-09,昆明,yh3A,母,10031
2025-07-09,昆明,yh3A,公,10011
2025-07-09,柳州,csx5,母,9360
2025-07-09,柳州,ehshZ4,母,9915
2025-07-09,洛阳,ay2,公,26175
2025-07-09,洛阳,hl4,母,10130
2025-07-09,洛阳,hm3A,公,9905
2025-07-09,南雄,ay2,母,14760
2025-07-09,南雄,uhmt2A,母,8145
2025-07-09,南雄,ymt2,母,11290
2025-07-09,韶关,csx5,母,15800
2025-07-09,韶关,ehshZ4,母,22340
2025-07-09,韶关,hm3A,母,9510
2025-07-09,泰安,csx5,公,20000
2025-07-09,泰安,my3,公,8400
2025-07-09,台州,ay2,母,13260
2025-07-09,台州,csx5,母,9535
2025-07-09,台州,csx5,公,9535
2025-07-09,台州,ehy5,母,5000
2025-07-09,台州,uhsh4,母,2960
2025-07-09,台州,uhsh4,公,8960
2025-07-09,潍坊,csx5,公,16550
2025-07-09,潍坊,ehshZ4,公,9935
2025-07-09,潍坊,gw5,混,13200
2025-07-09,潍坊,hl4,公,8595
2025-07-09,潍坊,xsx3,公,11365
2025-07-09,湘潭,yh2A,母,11420
2025-07-09,扬州,csx5,公,8026
2025-07-10,安庆,bx2A,混,15480
2025-07-10,安庆,csx5,母,12645
2025-07-10,安远,ay2,母,14605
2025-07-10,安远,ehshZ4,母,15470
2025-07-10,安远,hm5A,母,9845
2025-07-10,安远,uhmt2A,母,16682
2025-07-10,安远,uhmt2A,公,8733
2025-07-10,安远,uhmt3A,公,10295
2025-07-10,常州,ay2,母,6265
2025-07-10,常州,ay2,母,9680
2025-07-10,常州,ay2,公,6265
2025-07-10,常州,cmt1,母,7652
2025-07-10,常州,csx5,母,20490
2025-07-10,常州,csx5,公,20490
2025-07-10,常州,gw5,混,11060
2025-07-10,常州,hm3A,公,9107
2025-07-10,常州,msx2,母,7260
2025-07-10,常州,msx2,公,7260
2025-07-10,常州,my3,母,5080
2025-07-10,常州,my3,公,5080
2025-07-10,常州,uhmt2,母,5725
2025-07-10,常州,uhmt2,公,5725
2025-07-10,阜阳,gmt2,公,15480
2025-07-10,阜阳,my3,公,19760
2025-07-10,阜阳,uhy5B,公,7222
2025-07-10,河源,hm3A,母,9770
2025-07-10,河源,yh2A,母,9990
2025-07-10,惠州,ay2,母,10080
2025-07-10,惠州,ehsh4,母,20010
2025-07-10,惠州,hm3A,母,49354
2025-07-10,惠州,uhy5B,母,20346
2025-07-10,惠州,yh2A,母,20260
2025-07-10,嘉兴,ehy5,母,10530
2025-07-10,昆明,ehshZ4,母,9455
2025-07-10,昆明,ehshZ4,公,1030
2025-07-10,昆明,mpw3A,母,3894
2025-07-10,昆明,mpw3A,公,8288
2025-07-10,洛阳,csx5,公,11103
2025-07-10,洛阳,ehy5,公,10000
2025-07-10,南雄,msx2+,母,11120
2025-07-10,南雄,uhsh4,母,13000
2025-07-10,南雄,ymt2,母,10040
2025-07-10,平顶山,hm3A,公,30770
2025-07-10,平顶山,mjqZ5,公,13485
2025-07-10,韶关,csx5,母,15920
2025-07-10,韶关,uhsh4,母,22060
2025-07-10,韶关,uhy5B,母,7520
2025-07-10,韶关,yh2A,母,11056
2025-07-10,泰安,csx5,公,10015
2025-07-10,泰安,my3,公,8240
2025-07-10,台州,ay2,公,8840
2025-07-10,台州,csx5,母,13185
2025-07-10,台州,hsx2,公,8620
2025-07-10,台州,mjqZ5,母,2977
2025-07-10,台州,mjqZ5,公,2978
2025-07-10,台州,my3,母,17380
2025-07-10,台州,uhmt2,母,5125
2025-07-10,台州,uhmt2,公,3040
2025-07-10,台州,uhmt2,公,5125
2025-07-10,台州,uhy5B,公,9840
2025-07-10,潍坊,ay2,公,9190
2025-07-10,潍坊,my4,公,10080
2025-07-10,潍坊,uhsh4,公,13864
2025-07-10,湘潭,bx4A,混,37000
2025-07-10,徐州,csx5,公,23702
2025-07-10,徐州,uhmt2A,公,10205
2025-07-11,安远,csx4,母,7720
2025-07-11,安远,csx5,母,7900
2025-07-11,安远,uhmt2A,母,8160
2025-07-11,安远,uhsh4,母,11587
2025-07-11,安远,xsx3,公,13346
2025-07-11,常州,ay2,母,6695
2025-07-11,常州,ay2,公,6695
2025-07-11,常州,csx5,母,20265
2025-07-11,常州,csx5,公,20265
2025-07-11,常州,ehmt2A,公,10610
2025-07-11,常州,hsx2,母,5720
2025-07-11,常州,hsx2,公,5720
2025-07-11,常州,mjqZ5,母,10890
2025-07-11,常州,mjqZ5,公,10890
2025-07-11,常州,uhsh4,母,10250
2025-07-11,常州,uhsh4,公,10250
2025-07-11,常州,uhy5B,母,6615
2025-07-11,常州,uhy5B,公,6615
2025-07-11,重庆,ehshZ4,公,10968
2025-07-11,重庆,yh2A,公,10320
2025-07-11,阜阳,ay2,公,10266
2025-07-11,阜阳,gmt2A,母,9580
2025-07-11,阜阳,gw5,混,10720
2025-07-11,合肥,bx4A,混,25110
2025-07-11,惠州,csx5,母,18922
2025-07-11,惠州,hm3A,母,20790
2025-07-11,惠州,hm3A,公,11161
2025-07-11,惠州,uhmt1A,母,8740
2025-07-11,嘉兴,csx5,母,9963
2025-07-11,嘉兴,gw5,混,12838
2025-07-11,昆明,hm3A,公,9960
2025-07-11,昆明,yh3A,母,11124
2025-07-11,昆明,yh3A,公,11194
2025-07-11,洛阳,csx5,公,22035
2025-07-11,洛阳,ehshZ4,公,11062
2025-07-11,洛阳,gw5,混,10580
2025-07-11,南雄,uhy5B,公,15321
2025-07-11,南阳,hl4,公,9280
2025-07-11,平顶山,ehsh4,公,20350
2025-07-11,平顶山,mjh5,公,11159
2025-07-11,平顶山,mjq5A,公,9630
2025-07-11,平顶山,uhy5B,公,5280
2025-07-11,韶关,ay3,母,7520
2025-07-11,韶关,gmt2,母,14660
2025-07-11,韶关,uhy5B,母,15210
2025-07-11,韶关,yh2A,母,9897
2025-07-11,泰安,ehshZ4,公,9150
2025-07-11,泰安,gmt2,公,9973
2025-07-11,台州,csx5,公,2640
2025-07-11,台州,ehmt3A,公,11060
2025-07-11,台州,hl4,母,5040
2025-07-11,台州,uhmt2,公,5260
2025-07-11,潍坊,ay2,公,1200
2025-07-11,潍坊,ehy4,公,9280
2025-07-11,梧州,uhmt2A,母,13580
2025-07-11,梧州,uhsh4,母,18960
2025-07-11,湘潭,bx4A,混,35790
2025-07-11,湘潭,cmt1,母,8720
2025-07-11,徐州,csx5,公,9054
2025-07-11,徐州,uhmt2,公,8560
2025-07-12,安远,ay2,母,16855
2025-07-12,安远,csx5,母,9527
2025-07-12,安远,ehshZ4,母,8620
2025-07-12,安远,gw5,混,10450
2025-07-12,安远,uhmt2A,公,17950
2025-07-12,常州,ay2,母,9550
2025-07-12,常州,ay2,公,9490
2025-07-12,常州,csx5,母,13390
2025-07-12,常州,csx5,公,13390
2025-07-12,常州,gw5,混,10800
2025-07-12,常州,hm3A,公,10080
2025-07-12,常州,mjh5,母,12720
2025-07-12,常州,mjqZ5,母,2350
2025-07-12,常州,mjqZ5,公,2350
2025-07-12,常州,msx2,母,4200
2025-07-12,常州,msx2,公,4200
2025-07-12,常州,my3,母,4800
2025-07-12,常州,my3,公,4800
2025-07-12,常州,uhmt2,母,5335
2025-07-12,常州,uhmt2,公,5335
2025-07-12,常州,uhsh4,母,10000
2025-07-12,常州,uhsh4,公,10000
2025-07-12,阜阳,my3,公,9600
2025-07-12,惠州,csx5,母,13305
2025-07-12,惠州,uhmt2A,母,11154
2025-07-12,惠州,uhmt2A,公,6960
2025-07-12,嘉兴,csx4,母,9835
2025-07-12,嘉兴,csx5,母,10220
2025-07-12,嘉兴,my3,母,9850
2025-07-12,昆明,mjq5A,母,9865
2025-07-12,昆明,mjq5A,公,9741
2025-07-12,洛阳,gw5,混,11350
2025-07-12,南雄,hl4,母,8400
2025-07-12,南雄,hl4,公,8590
2025-07-12,南雄,uhmt2A,母,12000
2025-07-12,南雄,uhmt2A,公,13550
2025-07-12,南雄,uhsh4,母,19600
2025-07-12,南雄,uhsh4,公,10940
2025-07-12,韶关,csx5,母,17155
2025-07-12,韶关,ehshZ4,母,6820
2025-07-12,韶关,yh2A,母,11132
2025-07-12,泰安,csx5,公,20720
2025-07-12,泰安,hl4,公,9538
2025-07-12,台州,hsx2,公,8622
2025-07-12,潍坊,ay2,公,10905
2025-07-12,潍坊,csx5,公,19120
2025-07-12,潍坊,uhsh4,公,10065
2025-07-12,梧州,uhsh4,母,12835
2025-07-12,徐州,csx5,公,10260
2025-07-12,徐州,uhsh4,公,9512
2025-07-12,扬州,csx5,公,13058
2025-07-13,安顺,ay2,母,8640
2025-07-13,安远,csx5,母,16135
2025-07-13,安远,hsx2,公,9348
2025-07-13,安远,uhmt2A,公,8920
2025-07-13,安远,uhmt3A,公,10680
2025-07-13,安远,uhy5B,公,10336
2025-07-13,常州,ay2,母,6160
2025-07-13,常州,ay2,公,9645
2025-07-13,常州,ay2,公,6160
2025-07-13,常州,cmt1,母,7630
2025-07-13,常州,csx5,母,13320
2025-07-13,常州,csx5,公,13320
2025-07-13,常州,msx2,母,8230
2025-07-13,常州,msx2,公,8230
2025-07-13,常州,uhsh4,母,21080
2025-07-13,常州,uhsh4,公,21080
2025-07-13,阜阳,gmt2,公,19135
2025-07-13,阜阳,gw8,混,9350
2025-07-13,阜阳,msx2,公,8796
2025-07-13,惠州,csx5,母,9771
2025-07-13,惠州,hm3A,母,12907
2025-07-13,惠州,mmt2,母,9502
2025-07-13,惠州,myq2A,母,9280
2025-07-13,嘉兴,my3,母,10060
2025-07-13,昆明,ay2,母,8777
2025-07-13,柳州,csx5,母,9570
2025-07-13,洛阳,csx5,公,10835
2025-07-13,洛阳,hm3A,公,9930
2025-07-13,南雄,csx5,母,13690
2025-07-13,南雄,ehshZ4,公,11425
2025-07-13,韶关,csx5,母,8110
2025-07-13,韶关,ehshZ4,母,35495
2025-07-13,韶关,uhsh4,母,6880
2025-07-13,韶关,uhy5B,母,21995
2025-07-13,韶关,yh2A,母,16720
2025-07-13,泰安,ehy5,公,9127
2025-07-13,泰安,my3,公,8320
2025-07-13,台州,ay2,公,12980
2025-07-13,台州,uhmt2,公,8295
2025-07-13,台州,uhsh4,母,4260
2025-07-13,台州,uhsh4,公,8674
2025-07-13,潍坊,csx5,公,21862
2025-07-13,潍坊,ehshZ4,公,9590
2025-07-13,潍坊,hl4,公,9942
2025-07-13,潍坊,yh3A,公,11196
2025-07-13,梧州,uhsh4,母,10835
2025-07-13,湘潭,yh2A,母,11570
2025-07-13,徐州,csx5,公,12722
2025-07-13,徐州,uhmt2,公,8420
2025-07-13,徐州,uhsh4,公,13872
2025-07-13,扬州,ehy5,母,11040
2025-07-13,扬州,ehy5,公,11295
2025-07-13,自贡,csx5,公,11013
2025-07-14,安庆,bx2A,混,28130
2025-07-14,安庆,csx4,母,12633
2025-07-14,安庆,csx5,母,15968
2025-07-14,安顺,ay2,母,8560
2025-07-14,安顺,ay3,母,9600
2025-07-14,安远,hm5A,母,9500
2025-07-14,安远,uhsh4,母,11565
2025-07-14,常州,ay2,母,6810
2025-07-14,常州,ay2,公,6810
2025-07-14,常州,csx5,母,8550
2025-07-14,常州,csx5,公,8550
2025-07-14,常州,hsx2,母,6520
2025-07-14,常州,hsx2,母,9540
2025-07-14,常州,hsx2,公,6520
2025-07-14,常州,mjqZ5,母,13320
2025-07-14,常州,mjqZ5,公,13320
2025-07-14,常州,msx2,母,5720
2025-07-14,常州,msx2,公,5720
2025-07-14,常州,uhmt2,母,5000
2025-07-14,常州,uhmt2,公,5000
2025-07-14,常州,uhy5B,母,6565
2025-07-14,常州,uhy5B,公,6565
2025-07-14,常州,ymt2,母,5150
2025-07-14,常州,ymt2,公,5150
2025-07-14,重庆,ehshZ4,公,10000
2025-07-14,重庆,uhsh4,公,9490
2025-07-14,阜阳,ay2,公,13570
2025-07-14,阜阳,hl4,公,8370
2025-07-14,阜阳,hm3A,公,13584
2025-07-14,阜阳,msx2,公,9328
2025-07-14,阜阳,my3,公,10000
2025-07-14,合肥,bx4A,混,24480
2025-07-14,河源,yh2A,母,6045
2025-07-14,惠州,ay2,母,9985
2025-07-14,惠州,csx5,母,13663
2025-07-14,惠州,ehsh4,母,6560
2025-07-14,惠州,ehshZ4,母,10215
2025-07-14,惠州,uhmt2A,母,10160
2025-07-14,惠州,uhy5B,母,4240
2025-07-14,惠州,yh2A,母,6017
2025-07-14,嘉兴,xsx3,公,9220
2025-07-14,昆明,hm3A,公,9840
2025-07-14,昆明,mjq5A,母,5457
2025-07-14,昆明,mjq5A,公,9754
2025-07-14,昆明,mpw3A,母,4382
2025-07-14,昆明,mpw3A,公,8335
2025-07-14,柳州,ymt2,母,13290
2025-07-14,洛阳,ay2,公,25300
2025-07-14,洛阳,ehshZ4,公,8870
2025-07-14,洛阳,hl4,母,9895
2025-07-14,洛阳,mshZ3,公,10100
2025-07-14,南雄,uhy5B,公,10220
2025-07-14,南阳,ehmt2A,公,10770
2025-07-14,韶关,csx5,母,8125
2025-07-14,韶关,uhsh4,母,12540
2025-07-14,韶关,uhy5B,母,16505
2025-07-14,韶关,yh2A,母,12180
2025-07-14,泰安,csx5,公,13620
2025-07-14,台州,ay2,公,18068
2025-07-14,台州,csx5,母,8560
2025-07-14,台州,csx5,公,8000
2025-07-14,台州,csx5,公,8560
2025-07-14,台州,mjqZ5,母,2991
2025-07-14,台州,mjqZ5,公,2992
2025-07-14,台州,uhmt2,母,5000
2025-07-14,台州,uhmt2,公,5200
2025-07-14,台州,uhmt2,公,5000
2025-07-14,潍坊,csx5,公,33236
2025-07-14,潍坊,ehshZ4,公,10050
2025-07-14,梧州,uhmt2A,母,15390
2025-07-14,湘潭,bx4A,混,36080
2025-07-14,湘潭,yh2A,母,10440
2025-07-15,安庆,mjqZ5,母,14140
2025-07-15,安远,ay2,母,16880
2025-07-15,安远,csx5,母,9200
2025-07-15,安远,gmt2A,母,15095
2025-07-15,安远,uhmt2A,母,9040
2025-07-15,安远,uhmt2A,公,9340
2025-07-15,常州,csx5,母,20410
2025-07-15,常州,csx5,公,20410
2025-07-15,常州,mjqZ5,母,6670
2025-07-15,常州,mjqZ5,公,6670
2025-07-15,常州,msx2,母,4520
2025-07-15,常州,msx2,公,4520
2025-07-15,常州,uhmt2,母,5535
2025-07-15,常州,uhmt2,公,5535
2025-07-15,常州,uhsh4,母,19225
2025-07-15,常州,uhsh4,公,19225
2025-07-15,重庆,yh2A,公,10348
2025-07-15,阜阳,ay2,公,21042
2025-07-15,阜阳,cmt1,公,9465
2025-07-15,阜阳,csx5,公,9100
2025-07-15,阜阳,gmt2,公,7554
2025-07-15,阜阳,uhy5B,公,7248
2025-07-15,河源,ehy5,母,8335
2025-07-15,河源,msx2+,母,11040
2025-07-15,惠州,csx5,母,19480
2025-07-15,惠州,hm3A,母,16425
2025-07-15,惠州,hm3A,公,1040
2025-07-15,惠州,msx2+,母,10982
2025-07-15,惠州,uhmt2A,母,15040
2025-07-15,惠州,uhsh2,公,9394
2025-07-15,嘉兴,csx4,母,7618
2025-07-15,洛阳,ehmt3A,公,11350
2025-07-15,洛阳,ehshZ4,公,9860
2025-07-15,洛阳,my3,公,9140
2025-07-15,南雄,ay2,母,10380
2025-07-15,南雄,hl4,母,6070
2025-07-15,南雄,uhmt2A,公,13722
2025-07-15,南雄,ymt2,母,10380
2025-07-15,南阳,uhmt2A,公,10310
2025-07-15,平顶山,ehshZ4,公,15380
2025-07-15,平顶山,mjh5,公,11163
2025-07-15,平顶山,mjqZ5,公,13280
2025-07-15,韶关,ay2,母,10320
2025-07-15,韶关,csx5,母,8060
2025-07-15,韶关,ehshZ4,母,28609
2025-07-15,韶关,uhy5B,母,29496
2025-07-15,泰安,csx5,公,20560
2025-07-15,台州,gw5,混,13080
2025-07-15,台州,my3,母,18035
2025-07-15,台州,uhmt2,公,3120
2025-07-15,台州,uhsh4,母,3000
2025-07-15,台州,uhsh4,公,5876
2025-07-15,台州,uhsh4,公,3000
2025-07-15,潍坊,ehsh4,公,10200
2025-07-15,潍坊,ehy4,公,9910
2025-07-15,潍坊,uhsh4,公,13800
2025-07-15,梧州,uhsh4,母,13040
2025-07-15,徐州,csx5,公,13590
2025-07-15,自贡,cmt1,母,12585
2025-07-15,自贡,cmt1,公,12265
2025-07-15,自贡,csx5,公,10934
2025-07-16,安远,ehshZ4,母,8613
2025-07-16,安远,gw8,混,13040
2025-07-16,安远,uhsh4,母,11570
2025-07-16,常州,ay2,公,9820
2025-07-16,常州,csx5,母,15945
2025-07-16,常州,csx5,公,15945
2025-07-16,常州,gw5,混,9150
2025-07-16,常州,mjh5,母,12800
2025-07-16,常州,my3,母,4920
2025-07-16,常州,my3,公,4920
2025-07-16,常州,uhmt2,母,9400
2025-07-16,常州,uhmt2,公,9400
2025-07-16,常州,uhsh4,母,7120
2025-07-16,常州,uhsh4,公,7120
2025-07-16,常州,yh3A,公,10690
2025-07-16,重庆,ehshZ4,公,24008
2025-07-16,重庆,uhsh4,公,9400
2025-07-16,阜阳,csx5,公,10205
2025-07-16,阜阳,gmt2,公,18750
2025-07-16,阜阳,gw5,混,11000
2025-07-16,阜阳,my3,公,19600
2025-07-16,阜阳,uhsh4,公,10115
2025-07-16,合肥,csx5,公,9855
2025-07-16,惠州,hm3A,母,4000
2025-07-16,惠州,hsx2,母,8000
2025-07-16,惠州,myq2A,母,9310
2025-07-16,嘉兴,csx5,母,9900
2025-07-16,嘉兴,gw5,混,13183
2025-07-16,昆明,cmt1,母,2060
2025-07-16,昆明,cmt1,公,8078
2025-07-16,昆明,ehshZ4,母,9020
2025-07-16,昆明,ehshZ4,公,1000
2025-07-16,昆明,yh3A,母,11236
2025-07-16,昆明,yh3A,公,10933
2025-07-16,柳州,csx5,母,10211
2025-07-16,柳州,ehshZ4,母,9190
2025-07-16,南雄,csx5,母,7316
2025-07-16,南雄,uhmt2A,母,13720
2025-07-16,南阳,csx5,公,12300
2025-07-16,南阳,hl4,公,9325
2025-07-16,平顶山,ehsh4,公,10057
2025-07-16,韶关,csx5,母,25602
2025-07-16,韶关,gmt2,母,14848
2025-07-16,韶关,yh2A,母,10364
2025-07-16,泰安,hl4,公,9336
2025-07-16,泰安,my3,公,8450
2025-07-16,台州,ay2,母,9690
2025-07-16,台州,ehy5,母,5090
2025-07-16,潍坊,csx5,公,19710
2025-07-16,潍坊,gmt2A,公,9840
2025-07-16,潍坊,gw5,混,13920
2025-07-16,梧州,uhsh4,母,12960
2025-07-16,湘潭,bx4A,混,36640
2025-07-16,徐州,uhmt2,公,8400
2025-07-16,扬州,csx5,公,16525
2025-07-17,安远,ay2,母,17138
2025-07-17,安远,hm5A,母,9761
2025-07-17,安远,uhmt2A,公,16920
2025-07-17,安远,xsx3,公,13287
2025-07-17,常州,ay2,母,6815
2025-07-17,常州,ay2,母,6575
2025-07-17,常州,ay2,公,6815
2025-07-17,常州,csx5,母,13540
2025-07-17,常州,csx5,母,9340
2025-07-17,常州,csx5,公,13540
2025-07-17,常州,ehy5,母,4310
2025-07-17,常州,ehy5,公,4310
2025-07-17,常州,hsx2,母,6015
2025-07-17,常州,hsx2,公,6015
2025-07-17,常州,msx2,母,5695
2025-07-17,常州,msx2,公,5695
2025-07-17,常州,uhmt2,母,2500
2025-07-17,常州,uhmt2,公,2500
2025-07-17,常州,uhsh4,母,8690
2025-07-17,常州,uhsh4,公,8690
2025-07-17,常州,uhy5B,母,6725
2025-07-17,常州,uhy5B,公,6725
2025-07-17,重庆,uhsh4,公,8320
2025-07-17,河源,ay3,母,8640
2025-07-17,河源,ehy5,母,11280
2025-07-17,惠州,ay3,母,8550
2025-07-17,惠州,csx5,母,6116
2025-07-17,惠州,ehshZ4,母,10126
2025-07-17,惠州,ehy5,母,8216
2025-07-17,惠州,uhsh4,母,1040
2025-07-17,惠州,uhy5B,母,11280
2025-07-17,昆明,hm3A,公,10035
2025-07-17,昆明,mjq5A,母,9463
2025-07-17,昆明,mjq5A,公,10864
2025-07-17,洛阳,csx5,公,21302
2025-07-17,洛阳,ehshZ4,公,11135
2025-07-17,洛阳,ehy5,公,22820
2025-07-17,韶关,ay2,母,11880
2025-07-17,韶关,csx5,母,17903
2025-07-17,韶关,ehshZ4,母,11455
2025-07-17,韶关,mmt2,母,9340
2025-07-17,韶关,uhsh4,母,25230
2025-07-17,韶关,uhy5B,母,19799
2025-07-17,韶关,yh2A,母,10068
2025-07-17,泰安,gmt2,公,9695
2025-07-17,泰安,uhsh4,公,27470
2025-07-17,台州,ay2,公,8897
2025-07-17,台州,hsx2,公,8515
2025-07-17,台州,my3,母,10080
2025-07-17,台州,uhmt2,公,8435
2025-07-17,台州,yh3A,公,11125
2025-07-17,潍坊,my4,公,9325
2025-07-17,湘潭,bx4A,混,29520
2025-07-17,徐州,csx5,公,8750
2025-07-18,安远,uhmt2A,母,8030
2025-07-18,安远,uhmt2A,公,17700
2025-07-18,安远,uhmt3A,公,10655
2025-07-18,常州,ay2,母,10680
2025-07-18,常州,ay2,母,8920
2025-07-18,常州,ay2,公,10680
2025-07-18,常州,csx5,母,2480
2025-07-18,常州,csx5,公,2480
2025-07-18,常州,mjqZ5,母,6890
2025-07-18,常州,mjqZ5,公,6890
2025-07-18,常州,msx2,母,4755
2025-07-18,常州,msx2,公,4755
2025-07-18,常州,my3,母,4710
2025-07-18,常州,my3,公,4710
2025-07-18,常州,uhsh4,母,6700
2025-07-18,常州,uhsh4,公,6700
2025-07-18,常州,yh3A,公,10860
2025-07-18,常州,ymt2,母,10320
2025-07-18,常州,ymt2,公,10320
2025-07-18,重庆,cmt1,公,10080
2025-07-18,重庆,gmt2,公,7510
2025-07-18,重庆,uhsh4,公,9428
2025-07-18,阜阳,csx5,公,11185
2025-07-18,阜阳,ehy5,公,8240
2025-07-18,阜阳,gw5,混,11760
2025-07-18,阜阳,msx2,公,10680
2025-07-18,阜阳,uhy5B,公,7155
2025-07-18,合肥,bx4A,混,26480
2025-07-18,河源,yh2A,母,9760
2025-07-18,惠州,csx5,母,22465
2025-07-18,惠州,hm3A,母,26400
2025-07-18,惠州,uhsh2,公,9818
2025-07-18,嘉兴,csx4,母,7540
2025-07-18,嘉兴,ehy5,母,11585
2025-07-18,昆明,ay2,母,8560
2025-07-18,柳州,csx5,母,12190
2025-07-18,洛阳,gw8,混,17730
2025-07-18,洛阳,hm3A,公,9833
2025-07-18,南雄,msx2+,母,11235
2025-07-18,南雄,uhmt2A,公,10135
2025-07-18,南雄,ymt2,母,11120
2025-07-18,南阳,uhmt2A,公,13660
2025-07-18,平顶山,mjqZ5,公,12480
2025-07-18,韶关,csx5,母,21070
2025-07-18,韶关,gmt2,母,7040
2025-07-18,韶关,uhy5B,母,8470
2025-07-18,泰安,csx5,公,10175
2025-07-18,台州,ehmt3A,公,11440
2025-07-18,台州,hsx2,公,4290
2025-07-18,台州,my3,母,8350
2025-07-18,台州,uhsh4,母,4377
2025-07-18,台州,uhsh4,公,4960
2025-07-18,台州,uhsh4,公,4378
2025-07-18,潍坊,ay2,公,12829
2025-07-18,潍坊,csx5,公,16252
2025-07-18,潍坊,ehshZ4,公,21330
2025-07-18,潍坊,hl4,公,8480
2025-07-18,潍坊,xsx3,公,13312
2025-07-18,梧州,yh2A,母,12780
2025-07-18,湘潭,bx4A,混,29760
2025-07-18,湘潭,yh2A,母,11440
2025-07-18,徐州,csx5,公,13655
2025-07-18,徐州,uhmt2,公,8480
2025-07-18,扬州,csx5,公,10320
2025-07-19,安顺,hm3A,公,9920
2025-07-19,安远,csx5,母,16100
2025-07-19,安远,uhsh4,母,11385
2025-07-19,安远,uhy5B,公,17085
2025-07-19,常州,csx5,母,21160
2025-07-19,常州,csx5,公,21160
2025-07-19,常州,hsx2,母,5400
2025-07-19,常州,hsx2,公,5400
2025-07-19,常州,mjqZ5,母,6590
2025-07-19,常州,mjqZ5,公,6590
2025-07-19,常州,msx2,母,10705
2025-07-19,常州,msx2,公,10705
2025-07-19,常州,uhmt2,母,2060
2025-07-19,常州,uhmt2,公,2060
2025-07-19,重庆,ehshZ4,公,8180
2025-07-19,重庆,yh2A,公,10335
2025-07-19,阜阳,hm3A,公,15635
2025-07-19,合肥,csx5,公,10357
2025-07-19,河源,yh2A,母,9590
2025-07-19,惠州,csx5,母,17910
2025-07-19,惠州,ehsh4,母,13200
2025-07-19,惠州,uhy5B,母,16943
2025-07-19,昆明,ehshZ4,母,9380
2025-07-19,昆明,ehshZ4,公,1050
2025-07-19,昆明,mjq5A,母,5338
2025-07-19,昆明,mjq5A,公,9765
2025-07-19,昆明,mpw3A,母,3760
2025-07-19,昆明,mpw3A,公,8362
2025-07-19,柳州,csx4,母,14960
2025-07-19,洛阳,ay2,公,25390
2025-07-19,洛阳,csx5,公,11148
2025-07-19,洛阳,ehshZ4,公,10980
2025-07-19,洛阳,hl4,母,9890
2025-07-19,洛阳,hl4,公,9553
2025-07-19,洛阳,my3,母,400
2025-07-19,洛阳,my3,公,9650
2025-07-19,南雄,csx5,母,13470
2025-07-19,南雄,ehshZ4,母,23898
2025-07-19,南雄,hl4,母,8610
2025-07-19,南雄,hl4,公,8600
2025-07-19,南雄,uhmt2A,公,13660
2025-07-19,南雄,uhsh4,母,20040
2025-07-19,南雄,uhsh4,公,10815
2025-07-19,平顶山,hm3A,公,11000
2025-07-19,平顶山,mjh5,公,11175
2025-07-19,韶关,ehshZ4,母,19842
2025-07-19,韶关,uhy5B,母,7188
2025-07-19,韶关,yh2A,母,12150
2025-07-19,泰安,csx5,公,13665
2025-07-19,泰安,ehshZ4,公,9810
2025-07-19,泰安,msx2+,公,11360
2025-07-19,泰安,my3,公,8335
2025-07-19,台州,uhmt2,公,8480
2025-07-19,潍坊,ay2,公,18526
2025-07-19,潍坊,csx5,公,20480
2025-07-19,梧州,uhmt2A,母,8155
2025-07-19,梧州,uhsh4,母,10815
2025-07-19,扬州,csx5,公,8800
2025-07-20,安顺,ay2,母,16770
2025-07-20,安远,hsx2,公,13120
2025-07-20,安远,uhmt2A,母,10270
2025-07-20,安远,uhmt2A,公,8720
2025-07-20,常州,ay2,母,6250
2025-07-20,常州,ay2,公,9910
2025-07-20,常州,ay2,公,6250
2025-07-20,常州,cmt1,母,8030
2025-07-20,常州,csx5,母,17760
2025-07-20,常州,csx5,公,17760
2025-07-20,常州,mjh5,母,12550
2025-07-20,常州,my3,母,5020
2025-07-20,常州,my3,公,5020
2025-07-20,常州,uhmt2,母,14415
2025-07-20,常州,uhmt2,公,14415
2025-07-20,常州,uhy5B,母,6650
2025-07-20,常州,uhy5B,公,6650
2025-07-20,重庆,gmt2,公,7300
2025-07-20,重庆,uhsh4,公,17785
2025-07-20,阜阳,ay2,公,13280
2025-07-20,阜阳,cmt1,公,9250
2025-07-20,阜阳,csx5,公,20185
2025-07-20,阜阳,ehsh4,公,9955
2025-07-20,阜阳,gmt2,公,9680
2025-07-20,阜阳,gw5,混,10880
2025-07-20,阜阳,my3,公,10080
2025-07-20,河源,ehshZ4,母,11535
2025-07-20,河源,uhy5B,母,11605
2025-07-20,惠州,csx5,母,11520
2025-07-20,惠州,gw5,混,12993
2025-07-20,惠州,hsx2,母,16666
2025-07-20,昆明,yh3A,母,11223
2025-07-20,柳州,csx5,母,10708
2025-07-20,洛阳,csx4,公,10248
2025-07-20,洛阳,uhmt2,公,10000
2025-07-20,南阳,ehmt2A,公,10880
2025-07-20,平顶山,mjqZ5,公,8840
2025-07-20,韶关,ay2,母,10190
2025-07-20,韶关,ay3,母,8660
2025-07-20,韶关,csx5,母,8060
2025-07-20,韶关,uhsh4,母,20490
2025-07-20,韶关,uhy5B,母,8020
2025-07-20,韶关,yh2A,母,9920
2025-07-20,泰安,csx5,公,19615
2025-07-20,泰安,uhsh4,公,13988
2025-07-20,台州,ay2,公,17699
2025-07-20,台州,csx5,母,9095
2025-07-20,台州,csx5,公,9095
2025-07-20,台州,hsx2,公,16900
2025-07-20,台州,my3,母,9900
2025-07-20,台州,uhmt2,公,10235
2025-07-20,潍坊,ay2,公,1520
2025-07-20,潍坊,ehy5,公,10492
2025-07-20,梧州,uhmt2A,母,20495
2025-07-20,湘潭,bx4A,混,36190
2025-07-20,湘潭,yh2A,母,9055
2025-07-20,徐州,csx5,公,13545
2025-07-20,徐州,ehsh4,公,13400
2025-07-21,安庆,csx5,母,10268
2025-07-21,安顺,ay2,母,8400
2025-07-21,安远,csx5,母,9299
2025-07-21,安远,ehshZ4,母,8000
2025-07-21,安远,gmt2A,母,12351
2025-07-21,安远,hm5A,母,10015
2025-07-21,安远,uhmt2A,母,9120
2025-07-21,安远,uhmt2A,公,22630
2025-07-21,常州,ay2,母,6780
2025-07-21,常州,ay2,公,6780
2025-07-21,常州,csx5,母,9000
2025-07-21,常州,csx5,公,9000
2025-07-21,常州,gw5,混,8900
2025-07-21,常州,hsx2,母,6185
2025-07-21,常州,hsx2,公,6185
2025-07-21,常州,mjqZ5,母,6800
2025-07-21,常州,mjqZ5,公,6800
2025-07-21,常州,uhsh4,母,14215
2025-07-21,常州,uhsh4,公,14215
2025-07-21,常州,yh3A,公,11160
2025-07-21,重庆,ehshZ4,公,8476
2025-07-21,阜阳,hl4,公,8650
2025-07-21,阜阳,my3,公,9800
2025-07-21,合肥,bx4A,混,33040
2025-07-21,河源,hm3A,母,9843
2025-07-21,惠州,csx5,母,16257
2025-07-21,惠州,hm3A,母,20420
2025-07-21,惠州,hsx2,母,9565
2025-07-21,惠州,mmt2,母,9580
2025-07-21,惠州,uhsh2,公,9343
2025-07-21,惠州,yh2A,母,13062
2025-07-21,嘉兴,csx5,母,10030
2025-07-21,昆明,hm3A,公,9878
2025-07-21,洛阳,csx5,公,21423
2025-07-21,洛阳,ehshZ4,公,18350
2025-07-21,洛阳,hl4,公,17395
2025-07-21,南雄,ay2,母,12610
2025-07-21,南雄,hl4,母,6130
2025-07-21,南阳,uhmt2A,公,10240
2025-07-21,平顶山,mjh5,公,13065
2025-07-21,韶关,csx5,母,7840
2025-07-21,韶关,yh2A,母,10200
2025-07-21,泰安,my3,公,8380
2025-07-21,台州,ay2,母,9370
2025-07-21,台州,csx5,公,5600
2025-07-21,台州,hsx2,公,4300
2025-07-21,台州,mjqZ5,公,5000
2025-07-21,台州,uhmt2,母,5030
2025-07-21,台州,uhmt2,公,5030
2025-07-21,潍坊,csx5,公,26530
2025-07-21,潍坊,ehy4,公,13080
2025-07-21,潍坊,gw5,混,13390
2025-07-21,潍坊,my4,公,12620
2025-07-21,徐州,csx5,公,8655
2025-07-21,徐州,uhmt2A,公,10178
2025-07-21,自贡,gmt2,公,9780
2025-07-22,安远,ay2,母,8266
2025-07-22,安远,uhmt2A,公,8720
2025-07-22,常州,csx5,母,6825
2025-07-22,常州,csx5,公,6825
2025-07-22,常州,mjqZ5,母,4080
2025-07-22,常州,mjqZ5,公,4080
2025-07-22,常州,msx2,母,8320
2025-07-22,常州,msx2,公,8320
2025-07-22,常州,my3,母,4950
2025-07-22,常州,my3,公,4950
2025-07-22,常州,uhmt2,母,5540
2025-07-22,常州,uhmt2,公,5540
2025-07-22,常州,uhsh4,母,15110
2025-07-22,常州,uhsh4,公,15110
2025-07-22,重庆,yh2A,公,13227
2025-07-22,阜阳,ay2,公,10064
2025-07-22,阜阳,uhy5B,公,7200
2025-07-22,河源,ehy5,母,11135
2025-07-22,河源,hm3A,母,20540
2025-07-22,惠州,csx5,母,22466
2025-07-22,惠州,ehy5,母,11091
2025-07-22,惠州,hm3A,母,23886
2025-07-22,惠州,uhmt1A,母,9080
2025-07-22,惠州,uhy5B,母,13620
2025-07-22,惠州,uhy5B,公,13827
2025-07-22,昆明,hm3A,公,9705
2025-07-22,昆明,mjq5A,母,5614
2025-07-22,昆明,mjq5A,公,9562
2025-07-22,昆明,yh3A,母,10914
2025-07-22,昆明,yh3A,公,10955
2025-07-22,柳州,csx5,母,9615
2025-07-22,洛阳,ehy5,公,11255
2025-07-22,洛阳,hl4,公,9694
2025-07-22,洛阳,my3,公,8585
2025-07-22,南雄,ay2,母,13210
2025-07-22,南雄,ehshZ4,母,11620
2025-07-22,南雄,ehshZ4,公,11520
2025-07-22,南雄,uhmt3A,公,10400
2025-07-22,平顶山,hm3A,公,19680
2025-07-22,平顶山,mjh5,公,11161
2025-07-22,韶关,csx5,母,25355
2025-07-22,韶关,ehsh4,母,6910
2025-07-22,韶关,uhy5B,母,8541
2025-07-22,韶关,yh2A,母,10098
2025-07-22,泰安,csx5,公,10160
2025-07-22,台州,csx5,母,6160
2025-07-22,台州,csx5,公,6160
2025-07-22,台州,ehmt3A,公,11470
2025-07-22,台州,my3,母,7840
2025-07-22,潍坊,ehshZ4,公,10316
2025-07-22,潍坊,uhsh4,公,10040
2025-07-22,梧州,uhmt2A,母,14021
2025-07-22,梧州,uhsh4,母,16615
2025-07-22,湘潭,bx4A,混,36920
2025-07-22,湘潭,yh2A,母,10140
2025-07-22,徐州,csx5,公,7712
2025-07-22,徐州,uhmt2,公,8540
2025-07-22,扬州,csx5,公,10660
2025-07-22,自贡,csx5,公,11407
2025-07-23,安远,ay2,母,8629
2025-07-23,安远,ehshZ4,母,8435
2025-07-23,安远,gw5,混,10590
2025-07-23,安远,hm5A,母,9700
2025-07-23,安远,uhmt2A,母,9220
2025-07-23,安远,uhmt2A,公,9180
2025-07-23,常州,ay2,母,12835
2025-07-23,常州,csx5,母,15370
2025-07-23,常州,csx5,公,15370
2025-07-23,常州,ehy5,母,4160
2025-07-23,常州,ehy5,公,4160
2025-07-23,常州,hm3A,公,13542
2025-07-23,常州,mjqZ5,母,2480
2025-07-23,常州,mjqZ5,公,2480
2025-07-23,常州,uhmt2,母,3080
2025-07-23,常州,uhmt2,公,3080
2025-07-23,常州,uhsh4,母,5120
2025-07-23,常州,uhsh4,公,5120
2025-07-23,常州,uhy5B,母,6600
2025-07-23,常州,uhy5B,公,6600
2025-07-23,常州,ymt2,母,10340
2025-07-23,常州,ymt2,公,10340
2025-07-23,重庆,ehshZ4,公,9556
2025-07-23,重庆,gmt2,公,7360
2025-07-23,重庆,uhsh4,公,8390
2025-07-23,阜阳,gw5,混,12980
2025-07-23,阜阳,hl4,公,8680
2025-07-23,阜阳,msx2,公,11030
2025-07-23,阜阳,my3,公,9740
2025-07-23,合肥,csx5,公,9970
2025-07-23,河源,ehshZ4,母,18420
2025-07-23,河源,uhy5B,母,10505
2025-07-23,惠州,csx5,母,13572
2025-07-23,惠州,ehshZ4,母,17360
2025-07-23,惠州,msx3,母,9060
2025-07-23,惠州,myq2A,母,9555
2025-07-23,惠州,uhmt2A,母,15459
2025-07-23,惠州,uhmt2A,公,17600
2025-07-23,惠州,uhsh2,公,9889
2025-07-23,惠州,uhy5B,母,21587
2025-07-23,嘉兴,csx4,母,11095
2025-07-23,昆明,ehshZ4,母,9140
2025-07-23,昆明,ehshZ4,公,1010
2025-07-23,柳州,ymt2,母,13570
2025-07-23,洛阳,csx5,公,10245
2025-07-23,洛阳,ehshZ4,公,10040
2025-07-23,南雄,csx5,母,13440
2025-07-23,南雄,msx2+,母,10720
2025-07-23,南雄,uhy5B,公,17280
2025-07-23,韶关,ay3,母,8677
2025-07-23,韶关,csx5,母,18300
2025-07-23,韶关,ehshZ4,母,13340
2025-07-23,韶关,uhy5B,母,15265
2025-07-23,韶关,yh2A,母,10045
2025-07-23,泰安,csx5,公,9892
2025-07-23,泰安,ehy5,公,9185
2025-07-23,泰安,my3,公,9475
2025-07-23,台州,hsx2,公,8656
2025-07-23,台州,uhmt2,公,8695
2025-07-23,潍坊,csx5,公,22935
2025-07-23,潍坊,hl4,公,8665
2025-07-23,潍坊,yh3A,公,11715
2025-07-23,梧州,uhsh4,母,12915
2025-07-23,徐州,csx5,公,13715
2025-07-23,徐州,uhsh4,公,19721
2025-07-24,安庆,uhmt1A,公,8400
2025-07-24,安远,gw5,混,13535
2025-07-24,安远,hm5A,母,10143
2025-07-24,安远,uhmt2A,母,10205
2025-07-24,安远,uhmt2A,公,13345
2025-07-24,常州,ay2,母,6220
2025-07-24,常州,ay2,公,9963
2025-07-24,常州,ay2,公,6220
2025-07-24,常州,csx5,母,20555
2025-07-24,常州,csx5,公,20555
2025-07-24,常州,gw5,混,10480
2025-07-24,常州,mjh5,母,13200
2025-07-24,常州,msx2,母,4980
2025-07-24,常州,msx2,公,4980
2025-07-24,常州,uhmt2,母,5320
2025-07-24,常州,uhmt2,公,5320
2025-07-24,常州,uhsh4,母,6740
2025-07-24,常州,uhsh4,公,6740
2025-07-24,阜阳,csx5,公,18640
2025-07-24,阜阳,ehsh4,公,10065
2025-07-24,阜阳,ehy5,公,8100
2025-07-24,合肥,bx4A,混,33040
2025-07-24,合肥,ehy5,公,8053
2025-07-24,河源,ay2,母,11390
2025-07-24,惠州,csx5,母,19937
2025-07-24,惠州,hsx2,母,18516
2025-07-24,嘉兴,csx5,母,9980
2025-07-24,嘉兴,gw5,混,15680
2025-07-24,昆明,ay2,母,8692
2025-07-24,昆明,hm3A,公,9825
2025-07-24,昆明,mjq5A,母,5462
2025-07-24,昆明,mjq5A,公,9800
2025-07-24,昆明,mpw3A,母,3990
2025-07-24,昆明,mpw3A,公,8229
2025-07-24,洛阳,ay2,公,25120
2025-07-24,洛阳,csx4,公,10880
2025-07-24,洛阳,ehshZ4,公,10480
2025-07-24,洛阳,uhmt2,母,600
2025-07-24,洛阳,uhmt2,公,9820
2025-07-24,洛阳,uhmt2,公,600
2025-07-24,南雄,hl4,母,8498
2025-07-24,南雄,hl4,公,8800
2025-07-24,南雄,uhmt2A,母,13510
2025-07-24,南雄,uhsh4,母,20110
2025-07-24,南雄,uhsh4,公,10258
2025-07-24,南阳,gw5,混,11200
2025-07-24,南阳,mjqZ5,公,4695
2025-07-24,南阳,uhmt2A,公,13630
2025-07-24,南阳,uhsh4,公,8000
2025-07-24,韶关,csx5,母,10240
2025-07-24,韶关,uhsh4,母,25140
2025-07-24,韶关,yh2A,母,10110
2025-07-24,泰安,csx5,公,27145
2025-07-24,泰安,gmt2,公,9870
2025-07-24,台州,csx5,母,11310
2025-07-24,台州,hl4,母,6190
2025-07-24,台州,uhmt2,公,8610
2025-07-24,潍坊,ay2,公,23060
2025-07-24,潍坊,xsx3,公,12545
2025-07-24,梧州,uhmt2A,母,15020
2025-07-24,梧州,uhsh4,母,9360
2025-07-24,湘潭,bx4A,混,36480
2025-07-24,湘潭,cmt1,母,9460
2025-07-24,自贡,csx5,公,11316
2025-07-25,安远,ay2,母,8259
2025-07-25,安远,csx5,母,9225
2025-07-25,安远,ehshZ4,母,8800
2025-07-25,安远,uhmt2A,母,9180
2025-07-25,安远,uhmt2A,公,9090
2025-07-25,常州,ay2,母,6540
2025-07-25,常州,ay2,公,940
2025-07-25,常州,csx5,母,15935
2025-07-25,常州,csx5,公,15935
2025-07-25,常州,hsx2,母,5960
2025-07-25,常州,hsx2,公,5960
2025-07-25,常州,mjqZ5,母,6800
2025-07-25,常州,mjqZ5,公,6800
2025-07-25,常州,msx2,母,4860
2025-07-25,常州,msx2,公,4860
2025-07-25,常州,uhsh4,母,4760
2025-07-25,常州,uhsh4,公,4760
2025-07-25,重庆,cmt1,公,12340
2025-07-25,重庆,ehshZ4,公,9721
2025-07-25,重庆,uhsh4,公,9381
2025-07-25,阜阳,ay2,公,13220
2025-07-25,阜阳,gmt2,公,18430
2025-07-25,阜阳,gmt2A,公,9860
2025-07-25,阜阳,gw8,混,14140
2025-07-25,阜阳,msx2,公,10342
2025-07-25,阜阳,uhy5B,公,7200
2025-07-25,河源,ay3,母,8714
2025-07-25,河源,ehy5,母,8000
2025-07-25,河源,yh2A,母,8680
2025-07-25,惠州,csx5,母,19410
2025-07-25,惠州,ehsh4,母,9920
2025-07-25,惠州,ehshZ4,母,10080
2025-07-25,惠州,gw5,混,9600
2025-07-25,惠州,mmt2,母,9776
2025-07-25,惠州,yh2A,母,8653
2025-07-25,昆明,ehshZ4,母,9120
2025-07-25,昆明,ehshZ4,公,1025
2025-07-25,洛阳,gw5,混,14675
2025-07-25,洛阳,hl4,公,9730
2025-07-25,洛阳,hm3A,公,9730
2025-07-25,洛阳,mshZ3,公,10000
2025-07-25,南雄,uhmt2A,公,8850
2025-07-25,南阳,csx5,公,21650
2025-07-25,韶关,csx5,母,16040
2025-07-25,韶关,ehsh4,母,6880
2025-07-25,韶关,yh2A,母,10300
2025-07-25,台州,yh3A,公,10996
2025-07-25,潍坊,ay2,公,10425
2025-07-25,潍坊,csx5,公,20421
2025-07-25,潍坊,uhsh4,公,10400
2025-07-25,梧州,uhmt2A,母,13766
2025-07-25,湘潭,yh2A,母,13760
2025-07-25,徐州,uhmt2,公,8440
2025-07-25,扬州,csx5,公,8160
2025-07-25,自贡,cmt1,母,10550
2025-07-26,安庆,mjqZ5,母,12480
2025-07-26,安远,ay2,母,8440
2025-07-26,安远,gmt2A,母,12410
2025-07-26,安远,uhsh4,母,11713
2025-07-26,安远,uhy5B,公,10000
2025-07-26,安远,xsx3,公,13154
2025-07-26,常州,ay2,母,6775
2025-07-26,常州,ay2,公,6775
2025-07-26,常州,csx5,母,13295
2025-07-26,常州,csx5,公,13295
2025-07-26,常州,msx2,母,7950
2025-07-26,常州,msx2,公,7950
2025-07-26,常州,my3,母,4935
2025-07-26,常州,my3,公,4935
2025-07-26,常州,uhsh4,母,12200
2025-07-26,常州,uhsh4,公,12200
2025-07-26,重庆,uhsh4,公,8280
2025-07-26,阜阳,msx2,公,13120
2025-07-26,阜阳,my3,公,19290
2025-07-26,河源,ehy5,母,10980
2025-07-26,惠州,csx5,母,23200
2025-07-26,惠州,ehsh4,母,8538
2025-07-26,惠州,hm3A,母,16332
2025-07-26,惠州,uhmt2A,母,20023
2025-07-26,惠州,uhsh2,公,9377
2025-07-26,惠州,uhy5B,母,20400
2025-07-26,惠州,yh2A,母,10258
2025-07-26,嘉兴,ehy5,母,11495
2025-07-26,柳州,csx5,母,10085
2025-07-26,洛阳,csx5,公,11153
2025-07-26,洛阳,ehsh4,公,10000
2025-07-26,洛阳,ehshZ4,公,28807
2025-07-26,洛阳,ehy5,公,11280
2025-07-26,洛阳,gw5,混,11280
2025-07-26,洛阳,hm3A,公,16800
2025-07-26,南雄,uhmt3A,公,10480
2025-07-26,南阳,ehmt2A,公,10930
2025-07-26,平顶山,mjh5,公,11040
2025-07-26,平顶山,mjqZ5,公,9520
2025-07-26,韶关,csx5,母,10290
2025-07-26,韶关,uhy5B,母,15676
2025-07-26,韶关,yh2A,母,10095
2025-07-26,泰安,uhsh4,公,11695
2025-07-26,台州,gw5,混,10670
2025-07-26,台州,hsx2,公,7760
2025-07-26,台州,my3,母,17570
2025-07-26,潍坊,ay2,公,9882
2025-07-26,潍坊,csx5,公,19701
2025-07-26,潍坊,ehmt2A,公,9878
2025-07-26,潍坊,gw5,混,13155
2025-07-26,潍坊,hl4,公,8560
2025-07-26,潍坊,my4,公,6180
2025-07-26,梧州,uhmt2A,母,13200
2025-07-26,徐州,csx5,公,18336
2025-07-27,安顺,ay2,母,8720
2025-07-27,安远,hm5A,母,9729
2025-07-27,安远,uhmt2A,母,9085
2025-07-27,安远,uhmt2A,公,22850
2025-07-27,常州,ay2,母,6680
2025-07-27,常州,ay2,公,9980
2025-07-27,常州,ay2,公,6680
2025-07-27,常州,csx5,母,7195
2025-07-27,常州,csx5,公,7195
2025-07-27,常州,gw5,混,12560
2025-07-27,常州,mjh5,母,13280
2025-07-27,常州,mjqZ5,母,6570
2025-07-27,常州,mjqZ5,公,6570
2025-07-27,常州,msx2,母,4460
2025-07-27,常州,msx2,公,4460
2025-07-27,常州,uhmt2,母,7440
2025-07-27,常州,uhmt2,公,7440
2025-07-27,常州,uhsh4,母,5785
2025-07-27,常州,uhsh4,公,5785
2025-07-27,常州,yh3A,公,10950
2025-07-27,常州,ymt2,母,6895
2025-07-27,常州,ymt2,公,6895
2025-07-27,重庆,uhsh4,公,9453
2025-07-27,重庆,yh2A,公,10591
2025-07-27,阜阳,csx5,公,9720
2025-07-27,惠州,csx5,母,16499
2025-07-27,惠州,gw5,混,1776
2025-07-27,惠州,hm3A,母,16302
2025-07-27,惠州,hm3A,公,3746
2025-07-27,惠州,uhmt1A,母,9120
2025-07-27,嘉兴,csx5,母,9857
2025-07-27,嘉兴,my3,母,10018
2025-07-27,昆明,hm3A,公,9995
2025-07-27,昆明,mjq5A,母,5500
2025-07-27,昆明,mjq5A,公,9612
2025-07-27,昆明,yh3A,母,10434
2025-07-27,昆明,yh3A,公,11688
2025-07-27,柳州,csx5,母,10570
2025-07-27,洛阳,csx5,公,11195
2025-07-27,洛阳,ehy5,公,11495
2025-07-27,洛阳,gw5,混,11260
2025-07-27,南雄,ay2,母,12530
2025-07-27,南雄,ehshZ4,母,11390
2025-07-27,南雄,uhmt2A,母,10022
2025-07-27,南雄,uhmt2A,公,8820
2025-07-27,韶关,csx5,母,7920
2025-07-27,韶关,gmt2,母,7708
2025-07-27,韶关,hsx2,母,7760
2025-07-27,韶关,uhy5B,母,7773
2025-07-27,韶关,yh2A,母,10120
2025-07-27,泰安,csx5,公,10345
2025-07-27,泰安,hl4,公,12864
2025-07-27,泰安,my3,公,8560
2025-07-27,台州,ay2,母,13450
2025-07-27,台州,ay2,公,16805
2025-07-27,台州,ehmt3A,公,11475
2025-07-27,台州,uhmt2,母,4980
2025-07-27,台州,uhmt2,公,4980
2025-07-27,台州,uhsh4,母,4052
2025-07-27,台州,uhsh4,公,8815
2025-07-27,潍坊,csx5,公,23796
2025-07-27,潍坊,ehsh4,公,8640
2025-07-27,梧州,uhmt2A,母,13752
2025-07-27,湘潭,bx4A,混,36400
2025-07-27,徐州,uhmt2,公,14140
2025-07-27,扬州,csx5,公,7955
2025-07-28,安顺,ay2,母,8320
2025-07-28,安顺,ay3,母,9580
2025-07-28,安远,csx5,母,15900
2025-07-28,常州,csx5,母,14560
2025-07-28,常州,csx5,公,14560
2025-07-28,常州,ehmt2A,公,9680
2025-07-28,常州,hsx2,母,6030
2025-07-28,常州,hsx2,公,6030
2025-07-28,常州,mjqZ5,母,6770
2025-07-28,常州,mjqZ5,公,6770
2025-07-28,常州,uhsh4,母,11670
2025-07-28,常州,uhsh4,公,11670
2025-07-28,常州,uhy5B,母,6575
2025-07-28,常州,uhy5B,公,6575
2025-07-28,重庆,ehshZ4,公,10300
2025-07-28,合肥,bx4A,混,30480
2025-07-28,河源,msx2+,母,11140
2025-07-28,惠州,csx5,母,16015
2025-07-28,惠州,gw5,混,13348
2025-07-28,惠州,hsx2,母,10200
2025-07-28,惠州,msx2+,母,11108
2025-07-28,惠州,uhmt2A,母,5840
2025-07-28,昆明,ehshZ4,母,9295
2025-07-28,昆明,ehshZ4,公,1000
2025-07-28,昆明,yh3A,母,10700
2025-07-28,昆明,yh3A,公,10500
2025-07-28,洛阳,csx5,公,9940
2025-07-28,洛阳,ehshZ4,公,21440
2025-07-28,南雄,ymt2,母,10980
2025-07-28,平顶山,mjqZ5,公,9265
2025-07-28,韶关,ay2,母,10260
2025-07-28,韶关,gmt2,母,7400
2025-07-28,韶关,uhsh4,母,23946
2025-07-28,泰安,uhsh4,公,17218
2025-07-28,台州,ay2,公,17380
2025-07-28,台州,csx5,公,8610
2025-07-28,台州,hsx2,公,8700
2025-07-28,台州,my3,母,9840
2025-07-28,台州,uhmt2,公,7900
2025-07-28,潍坊,ay2,公,10420
2025-07-28,潍坊,csx5,公,16861
2025-07-28,潍坊,hl4,公,8381
2025-07-28,梧州,uhsh4,母,14880
2025-07-28,湘潭,bx4A,混,35840
2025-07-28,湘潭,yh2A,母,11450
2025-07-28,徐州,csx5,公,13630
2025-07-29,安顺,hm3A,公,12480
2025-07-29,安远,ay2,母,8122
2025-07-29,安远,csx5,母,9010
2025-07-29,安远,uhmt2A,母,10130
2025-07-29,安远,uhmt2A,公,9290
2025-07-29,安远,xsx3,公,10150
2025-07-29,常州,ay2,母,6160
2025-07-29,常州,ay2,母,9880
2025-07-29,常州,ay2,公,6160
2025-07-29,常州,ehy5,母,3540
2025-07-29,常州,ehy5,公,3540
2025-07-29,常州,hm3A,公,9954
2025-07-29,常州,msx2,母,8955
2025-07-29,常州,msx2,公,8955
2025-07-29,常州,my3,母,4970
2025-07-29,常州,my3,公,4970
2025-07-29,常州,uhmt2,母,4745
2025-07-29,常州,uhmt2,公,4745
2025-07-29,常州,uhsh4,母,12580
2025-07-29,常州,uhsh4,公,12580
2025-07-29,重庆,uhsh4,公,17785
2025-07-29,阜阳,gmt2,公,9330
2025-07-29,阜阳,msx2,公,11030
2025-07-29,阜阳,my3,公,9875
2025-07-29,阜阳,uhy5B,公,7348
2025-07-29,河源,uhmt2A,公,10320
2025-07-29,惠州,hsx2,母,9760
2025-07-29,惠州,mmt2,母,9520
2025-07-29,惠州,msx3,母,9238
2025-07-29,惠州,myq2A,母,9451
2025-07-29,惠州,uhsh2,公,10112
2025-07-29,嘉兴,csx5,母,10000
2025-07-29,昆明,mpw3A,母,3991
2025-07-29,昆明,mpw3A,公,8170
2025-07-29,柳州,csx5,母,10215
2025-07-29,洛阳,ay2,公,13510
2025-07-29,南雄,csx5,母,9730
2025-07-29,南雄,uhmt2A,母,9515
2025-07-29,南雄,uhsh4,母,9840
2025-07-29,南雄,uhsh4,公,9840
2025-07-29,南阳,csx5,公,7985
2025-07-29,南阳,hl4,公,8500
2025-07-29,南阳,uhmt2A,公,10177
2025-07-29,韶关,csx5,母,15780
2025-07-29,韶关,ehsh4,母,6650
2025-07-29,韶关,uhy5B,母,7920
2025-07-29,韶关,yh2A,母,16775
2025-07-29,泰安,csx5,公,10240
2025-07-29,泰安,gmt2,公,9910
2025-07-29,台州,csx5,公,6400
2025-07-29,台州,gw5,混,10370
2025-07-29,台州,hl4,母,6150
2025-07-29,台州,uhmt2,母,4880
2025-07-29,台州,uhmt2,公,4880
2025-07-29,潍坊,csx5,公,16192
2025-07-29,潍坊,ehsh4,公,9868
2025-07-29,潍坊,gw5,混,12775
2025-07-29,潍坊,mjqZ5,公,9978
2025-07-29,梧州,uhsh4,母,13333
2025-07-29,徐州,csx5,公,10155
2025-07-29,徐州,uhmt2,公,9910
2025-07-30,安庆,bx2A,混,31130
2025-07-30,安远,ay2,母,8183
2025-07-30,安远,ehshZ4,母,8780
2025-07-30,安远,hsx2,公,7000
2025-07-30,常州,ay2,母,9700
2025-07-30,常州,ay2,公,9700
2025-07-30,常州,cmt1,母,7750
2025-07-30,常州,csx5,母,13445
2025-07-30,常州,csx5,公,13445
2025-07-30,常州,gw5,混,11100
2025-07-30,常州,mjh5,母,12560
2025-07-30,常州,my3,母,4925
2025-07-30,常州,my3,公,4925
2025-07-30,常州,uhsh4,母,3615
2025-07-30,常州,uhsh4,公,3615
2025-07-30,重庆,uhsh4,公,9406
2025-07-30,阜阳,csx5,公,10290
2025-07-30,阜阳,ehy5,公,6980
2025-07-30,阜阳,gmt2A,公,8800
2025-07-30,阜阳,gw5,混,12930
2025-07-30,阜阳,my3,公,19360
2025-07-30,河源,uhmt1A,母,7929
2025-07-30,惠州,gw5,混,13000
2025-07-30,惠州,uhy5B,母,12000
2025-07-30,嘉兴,ehmt2A,公,9810
2025-07-30,嘉兴,gw5,混,13280
2025-07-30,嘉兴,xsx3,公,9320
2025-07-30,柳州,csx4,母,15340
2025-07-30,洛阳,ay2,公,10385
2025-07-30,洛阳,csx5,公,11155
2025-07-30,洛阳,ehshZ4,公,10690
2025-07-30,洛阳,hl4,公,9600
2025-07-30,南雄,csx5,母,7840
2025-07-30,南雄,hl4,母,8555
2025-07-30,南雄,hl4,公,8625
2025-07-30,平顶山,mjh5,公,11000
2025-07-30,平顶山,mjq5A,公,9551
2025-07-30,韶关,uhy5B,母,15992
2025-07-30,泰安,ehshZ4,公,9715
2025-07-30,泰安,my3,公,8550
2025-07-30,台州,csx5,母,4195
2025-07-30,台州,csx5,母,6840
2025-07-30,台州,csx5,公,4195
2025-07-30,台州,my3,母,7860
2025-07-30,台州,uhmt2,公,8500
2025-07-30,潍坊,ay2,公,9370
2025-07-30,潍坊,csx5,公,23700
2025-07-30,扬州,ehy5,母,11085
2025-07-30,扬州,ehy5,公,11245
2025-07-31,安远,ay2,母,8271
2025-07-31,安远,uhmt2A,母,14960
2025-07-31,常州,ay2,公,10010
2025-07-31,常州,csx5,母,16640
2025-07-31,常州,csx5,公,16640
2025-07-31,常州,hsx2,母,4410
2025-07-31,常州,hsx2,公,4410
2025-07-31,常州,mjqZ5,母,13210
2025-07-31,常州,mjqZ5,公,13210
2025-07-31,常州,uhmt2,母,5440
2025-07-31,常州,uhmt2,公,5440
2025-07-31,常州,yh3A,公,10536
2025-07-31,常州,ymt2,母,5095
2025-07-31,常州,ymt2,公,5095
2025-07-31,重庆,ehshZ4,公,10174
2025-07-31,阜阳,ay2,公,14840
2025-07-31,阜阳,ehsh4,公,10200
2025-07-31,阜阳,uhy5B,公,16000
2025-07-31,合肥,bx4A,混,32720
2025-07-31,合肥,ehy5,公,8160
2025-07-31,河源,ay2,母,10820
2025-07-31,河源,ehshZ4,母,11100
2025-07-31,河源,hm3A,母,9487
2025-07-31,河源,uhy5B,母,11635
2025-07-31,河源,yh2A,母,8420
2025-07-31,惠州,ehshZ4,母,11070
2025-07-31,惠州,hm3A,母,25762
2025-07-31,惠州,uhmt2A,公,23080
2025-07-31,惠州,uhsh2,母,9068
2025-07-31,惠州,uhy5B,母,11603
2025-07-31,南雄,msx2+,母,11150
2025-07-31,南雄,uhmt2A,母,25655
2025-07-31,南雄,uhmt2A,公,8535
2025-07-31,南阳,csx5,公,10320
2025-07-31,南阳,ehmt3A,公,11485
2025-07-31,南阳,uhmt2A,公,13646
2025-07-31,韶关,csx5,母,15780
2025-07-31,韶关,uhsh4,母,12662
2025-07-31,韶关,yh2A,母,9985
2025-07-31,泰安,csx5,公,9920
2025-07-31,台州,ay2,公,13100
2025-07-31,台州,hsx2,公,13515
2025-07-31,台州,mjqZ5,母,3200
2025-07-31,台州,mjqZ5,公,4960
2025-07-31,台州,mjqZ5,公,3200
2025-07-31,台州,uhsh4,母,4030
2025-07-31,台州,uhsh4,公,8700
2025-07-31,潍坊,csx5,公,9280
2025-07-31,潍坊,ehshZ4,公,12945
2025-07-31,潍坊,my4,公,11325
2025-07-31,梧州,uhsh4,母,14336
2025-07-31,湘潭,bx4A,混,35715
2025-07-31,湘潭,yh2A,母,11560
2025-07-31,徐州,csx5,公,14160
